,Epsilon,PPO
0,0.0,197.26671251513866
1,0.1,152.5307049181798
2,0.3,-16.166296653204473
3,0.7,-135.7775557061311
4,0.9,-185.52682980126525
