,Epsilon,PPO
0,0.0,195.66516985160342
1,0.1,84.11016918400699
2,0.3,-71.2446714745966
3,0.5,-136.48048479845409
4,0.7,-182.70491284683942
5,0.9,-240.12491763861598
