,Epsilon,SAC
0,0.0,252.64165273752195
1,0.1,88.72931855241222
2,0.3,-85.15157878514297
3,0.5,-199.30876929114118
4,0.7,-326.64826595876826
5,0.9,-363.5080578226131
